image,skin_color
white\fw1.jpg,White
white\fw10.jpg,White
white\fw100.jpg,White
white\fw101.jpg,White
white\fw102.jpg,White
white\fw103.jpg,White
white\fw107.jpg,White
white\fw108.jpg,White
white\fw109.jpg,White
white\fw11.jpg,White
white\fw110.jpg,White
white\fw111.jpg,White
white\fw115.jpg,White
white\fw116.jpg,White
white\fw118.jpg,White
white\fw119.jpg,White
white\fw12.jpg,White
white\fw120.jpg,White
white\fw121.jpg,White
white\fw122.jpg,White
white\fw123.jpg,White
white\fw124.jpg,White
white\fw130.jpg,White
white\fw131.jpg,White
white\fw132.jpg,White
white\fw133.jpg,White
white\fw134.jpg,White
white\fw135.jpg,White
white\fw136.jpg,White
white\fw138.jpg,White
white\fw139.jpg,White
white\fw140.jpg,White
white\fw141.jpg,White
white\fw144.jpg,White
white\fw146.jpg,White
white\fw147.jpg,White
white\fw148.jpg,White
white\fw149.jpg,White
white\fw15.jpg,White
white\fw150.jpg,White
white\fw151.jpg,White
white\fw155.jpg,White
white\fw156.jpg,White
white\fw157.jpg,White
white\fw158.jpg,White
white\fw159.jpg,White
white\fw160.jpg,White
white\fw161.jpg,White
white\fw162.jpg,White
white\fw163.jpg,White
white\fw164.jpg,White
white\fw165.jpg,White
white\fw166.jpg,White
white\fw167.jpg,White
white\fw17.jpg,White
white\fw18.jpg,White
white\fw19.jpg,White
white\fw21.jpg,White
white\fw24.jpg,White
white\fw25.jpg,White
white\fw27.jpg,White
white\fw28.jpg,White
white\fw29.jpg,White
white\fw31.jpg,White
white\fw32.jpg,White
white\fw34.jpg,White
white\fw35.jpg,White
white\fw36.jpg,White
white\fw37.jpg,White
white\fw38.jpg,White
white\fw40.jpg,White
white\fw41.jpg,White
white\fw42.jpg,White
white\fw43.jpg,White
white\fw45.jpg,White
white\fw47.jpg,White
white\fw48.jpg,White
white\fw49.jpg,White
white\fw52.jpg,White
white\fw53.jpg,White
white\fw54.jpg,White
white\fw56.jpg,White
white\fw58.jpg,White
white\fw61.jpg,White
white\fw63.jpg,White
white\fw65.jpg,White
white\fw66.jpg,White
white\fw67.jpg,White
white\fw7.jpg,White
white\fw70.jpg,White
white\fw72.jpg,White
white\fw75.jpg,White
white\fw76.jpg,White
white\fw77.jpg,White
white\fw78.jpg,White
white\fw83.jpg,White
white\fw85.jpg,White
white\fw9.jpg,White
white\fw90.jpg,White
white\fw91.jpg,White
white\fw92.jpg,White
white\fw93.jpg,White
white\fw94.jpg,White
white\fw97.jpg,White
white\fw99.jpg,White
black\fw104.jpg,Black
black\fw105.jpg,Black
black\fw106.jpg,Black
black\fw112.jpg,Black
black\fw113.jpg,Black
black\fw114.jpg,Black
black\fw117.jpg,Black
black\fw125.jpg,Black
black\fw126.jpg,Black
black\fw127.jpg,Black
black\fw128.jpg,Black
black\fw129.jpg,Black
black\fw13.jpg,Black
black\fw137.jpg,Black
black\fw142.jpg,Black
black\fw143.jpg,Black
black\fw145.jpg,Black
black\fw149.jpg,Black
black\fw150.jpg,Black
black\fw151.jpg,Black
black\fw152.jpg,Black
black\fw153.jpg,Black
black\fw154.jpg,Black
black\fw156.jpg,Black
black\fw157.jpg,Black
black\fw158.jpg,Black
black\fw159.jpg,Black
black\fw16.jpg,Black
black\fw160.jpg,Black
black\fw161.jpg,Black
black\fw162.jpg,Black
black\fw163.jpg,Black
black\fw164.jpg,Black
black\fw165.jpg,Black
black\fw166.jpg,Black
black\fw167.jpg,Black
black\fw168.jpg,Black
black\fw169.jpg,Black
black\fw170.jpg,Black
black\fw171.jpg,Black
black\fw172.jpg,Black
black\fw173.jpg,Black
black\fw174.jpg,Black
black\fw175.jpg,Black
black\fw176.jpg,Black
black\fw177.jpg,Black
black\fw178.jpg,Black
black\fw179.jpg,Black
black\fw180.jpg,Black
black\fw181.jpg,Black
black\fw182.jpg,Black
black\fw183.jpg,Black
black\fw184.jpg,Black
black\fw185.jpg,Black
black\fw186.jpg,Black
black\fw187.jpg,Black
black\fw188.jpg,Black
black\fw189.jpg,Black
black\fw190.jpg,Black
black\fw191.jpg,Black
black\fw192.jpg,Black
black\fw193.jpg,Black
black\fw194.jpg,Black
black\fw195.jpg,Black
black\fw196.jpg,Black
black\fw2.jpg,Black
black\fw22.jpg,Black
black\fw26.jpg,Black
black\fw3.jpg,Black
black\fw30.jpg,Black
black\fw33.jpg,Black
black\fw39.jpg,Black
black\fw4.jpg,Black
black\fw44.jpg,Black
black\fw46.jpg,Black
black\fw5.jpg,Black
black\fw51.jpg,Black
black\fw59.jpg,Black
black\fw6.jpg,Black
black\fw60.jpg,Black
black\fw62.jpg,Black
black\fw64.jpg,Black
black\fw68.jpg,Black
black\fw69.jpg,Black
black\fw71.jpg,Black
black\fw73.jpg,Black
black\fw74.jpg,Black
black\fw8.jpg,Black
black\fw80.jpg,Black
black\fw81.jpg,Black
black\fw82.jpg,Black
black\fw84.jpg,Black
black\fw87.jpg,Black
black\fw88.jpg,Black
black\fw95.jpg,Black
black\fw98.jpg,Black
